<?xml version='1.0' encoding='UTF-8'?>
<DocumentProtocol name="EDI_X12" custom="false" implementationClass="oracle.tip.b2b.document.edi.EDIDocumentPlugin" id="doc_EDI_X12" xmlns="http://xmlns.oracle.com/integration/b2b/profile">
   <DocumentProtocolVersion id="Doc8C5784C911C582B1BF6000001ACEC6C0" name="4010">
      <DocumentType id="Doc8C5784C911C582B1BF8000001ACEC6D0" name="850">
         <DocumentDefinition customFileType="false" default="false" definitionFileName="/soa/b2b/EDI_X12/4010/850/850_Def/850.xsd" definitionMO="/soa/b2b/EDI_X12/4010/850/850_Def/850.xsd" id="Doc8C5784C911C582B1BF8000001ACEC6E0" name="850_Def" useDefaultDefinition="true">
            <ParameterValue id="Par8C5784C911C582B1BF9000001ACEC6F0" parameterRef="/soa/b2b/seed/protocol.xml#x12-param-TransactionECSFileBlob" value="/soa/b2b/EDI_X12/4010/850/850_Def/850.ecs"/>
            <ParameterValue id="Par8C5784C911C582B1BFA000001ACEC700" parameterRef="/soa/b2b/seed/protocol.xml#x12-param-DocumentRoutingID"/>
            <ParameterValue id="Par8C5784C911C582B1BFA000001ACEC710" parameterRef="/soa/b2b/seed/protocol.xml#common-param-XPathName1" value="Type Code"/>
            <ParameterValue id="Par8C5784C911C582B1BFB000001ACEC720" parameterRef="/soa/b2b/seed/protocol.xml#common-param-XPathExpression1" value="/*[local-name()='Transaction-850']/*[local-name()='Segment-BEG']/*[local-name()='Element-92']"/>
            <ParameterValue id="Par8C5784C911C582B1BFC000001ACEC730" parameterRef="/soa/b2b/seed/protocol.xml#common-param-XPathName2" value="PO Number"/>
            <ParameterValue id="Par8C5784C911C582B1BFC000001ACEC740" parameterRef="/soa/b2b/seed/protocol.xml#common-param-XPathExpression2" value="/*[local-name()='Transaction-850']/*[local-name()='Segment-BEG']/*[local-name()='Element-324']"/>
            <ParameterValue id="Par8C5784C911C582B1BFD000001ACEC750" parameterRef="/soa/b2b/seed/protocol.xml#common-param-XPathName3" value="Total Monetary Amount"/>
            <ParameterValue id="Par8C5784C911C582B1BFD000001ACEC760" parameterRef="/soa/b2b/seed/protocol.xml#common-param-XPathExpression3" value="/*[local-name()='Transaction-850']/*[local-name()='Loop-CTT']/*[local-name()='Segment-AMT']/*[local-name()='Element-782']"/>
            <ParameterValue id="Par8C5784C911C582B1BFE000001ACEC770" parameterRef="/soa/b2b/seed/protocol.xml#common-param-CorrelationFromXPathName" value="PO Number"/>
            <ParameterValue id="Par8C5784C911C582B1BFE000001ACEC780" parameterRef="/soa/b2b/seed/protocol.xml#common-param-CorrelationFromXPathXPR" value="/*[local-name()='Transaction-850']/*[local-name()='Segment-BEG']/*[local-name()='Element-324']"/>
            <ParameterValue id="Par8C5784C911C582B1BFF000001ACEC790" parameterRef="/soa/b2b/seed/protocol.xml#common-param-CorrelationToXPathName" value="CorrelationToXPathName"/>
            <ParameterValue id="Par8C5784C911C582B1BFF000001ACEC7A0" parameterRef="/soa/b2b/seed/protocol.xml#common-param-CorrelationToXPathXPR"/>
         </DocumentDefinition>
         <ParameterValue id="Par8C5784C911C582B1C00000001ACEC7B0" parameterRef="/soa/b2b/seed/protocol.xml#x12-param-GroupID" value="PO"/>
         <ParameterValue id="Par8C5784C911C582B1C01000001ACEC7C0" parameterRef="/soa/b2b/seed/protocol.xml#x12-param-TransactionID"/>
         <ParameterValue id="Par8C5784C911C582B1C01000001ACEC7D0" parameterRef="/soa/b2b/seed/protocol.xml#x12-param-TransactionImplementationReference"/>
         <ParameterValue id="Par8C5784C911C582B1C02000001ACEC7E0" parameterRef="/soa/b2b/seed/protocol.xml#x12-param-TransactionPurposeCode"/>
      </DocumentType>
      <DocumentType id="Doc8C5784C911C582B1C02000001ACEC7F0" name="855">
         <DocumentDefinition customFileType="false" default="false" definitionFileName="/soa/b2b/EDI_X12/4010/855/855_Def/855.xsd" definitionMO="/soa/b2b/EDI_X12/4010/855/855_Def/855.xsd" id="Doc8C5784C911C582B1C03000001ACEC800" name="855_Def" useDefaultDefinition="true">
            <ParameterValue id="Par8C5784C911C582B1C04000001ACEC810" parameterRef="/soa/b2b/seed/protocol.xml#x12-param-TransactionECSFileBlob" value="/soa/b2b/EDI_X12/4010/855/855_Def/855.ecs"/>
            <ParameterValue id="Par8C5784C911C582B1C04000001ACEC820" parameterRef="/soa/b2b/seed/protocol.xml#x12-param-DocumentRoutingID"/>
            <ParameterValue id="Par8C5784C911C582B1C05000001ACEC830" parameterRef="/soa/b2b/seed/protocol.xml#common-param-XPathName1" value="Type Code"/>
            <ParameterValue id="Par8C5784C911C582B1C05000001ACEC840" parameterRef="/soa/b2b/seed/protocol.xml#common-param-XPathExpression1" value="/*[local-name()='Transaction-855']/*[local-name()='Segment-BAK']/*[local-name()='Element-587']"/>
            <ParameterValue id="Par8C5784C911C582B1C06000001ACEC850" parameterRef="/soa/b2b/seed/protocol.xml#common-param-XPathName2" value="PO Number"/>
            <ParameterValue id="Par8C5784C911C582B1C07000001ACEC860" parameterRef="/soa/b2b/seed/protocol.xml#common-param-XPathExpression2" value="/*[local-name()='Transaction-855']/*[local-name()='Segment-BAK']/*[local-name()='Element-324']"/>
            <ParameterValue id="Par8C5784C911C582B1C07000001ACEC870" parameterRef="/soa/b2b/seed/protocol.xml#common-param-XPathName3" value="Total Monetary Amount"/>
            <ParameterValue id="Par8C5784C911C582B1C08000001ACEC880" parameterRef="/soa/b2b/seed/protocol.xml#common-param-XPathExpression3" value="/*[local-name()='Transaction-855']/*[local-name()='Loop-CTT']/*[local-name()='Segment-AMT']/*[local-name()='Element-782']"/>
            <ParameterValue id="Par8C5784C911C582B1C08000001ACEC890" parameterRef="/soa/b2b/seed/protocol.xml#common-param-CorrelationFromXPathName" value="CorrelationFromXPathName"/>
            <ParameterValue id="Par8C5784C911C582B1C09000001ACEC8A0" parameterRef="/soa/b2b/seed/protocol.xml#common-param-CorrelationFromXPathXPR"/>
            <ParameterValue id="Par8C5784C911C582B1C0A000001ACEC8B0" parameterRef="/soa/b2b/seed/protocol.xml#common-param-CorrelationToXPathName" value="PO Number"/>
            <ParameterValue id="Par8C5784C911C582B1C0A000001ACEC8C0" parameterRef="/soa/b2b/seed/protocol.xml#common-param-CorrelationToXPathXPR" value="/*[local-name()='Transaction-855']/*[local-name()='Segment-BAK']/*[local-name()='Element-324']"/>
         </DocumentDefinition>
         <ParameterValue id="Par8C5784C911C582B1C0B000001ACEC8D0" parameterRef="/soa/b2b/seed/protocol.xml#x12-param-GroupID" value="PR"/>
         <ParameterValue id="Par8C5784C911C582B1C0B000001ACEC8E0" parameterRef="/soa/b2b/seed/protocol.xml#x12-param-TransactionID"/>
         <ParameterValue id="Par8C5784C911C582B1C0E000001ACEC8F0" parameterRef="/soa/b2b/seed/protocol.xml#x12-param-TransactionImplementationReference"/>
         <ParameterValue id="Par8C5784C911C582B1C0E000001ACEC900" parameterRef="/soa/b2b/seed/protocol.xml#x12-param-TransactionPurposeCode"/>
      </DocumentType>
      <DocumentType id="Doc8C5784C911C582B1C0F000001ACEC910" name="997">
         <DocumentDefinition customFileType="false" default="false" definitionFileName="/soa/b2b/EDI_X12/4010/997/997_Def/997.xsd" definitionSO="/soa/b2b/EDI_X12/4010/997/997_Def/997.xsd" id="Doc8C5784C911C582B1C10000001ACEC920" name="997_Def" useDefaultDefinition="true">
            <ParameterValue id="Par8C5784C911C582B1C11000001ACEC930" parameterRef="/soa/b2b/seed/protocol.xml#x12-param-TransactionECSFileBlob" value="/soa/b2b/EDI_X12/4010/997/997_Def/997.ecs"/>
            <ParameterValue id="Par8C5784C911C582B1C12000001ACEC940" parameterRef="/soa/b2b/seed/protocol.xml#x12-param-DocumentRoutingID"/>
            <ParameterValue id="Par8C5784C911C582B1C12000001ACEC950" parameterRef="/soa/b2b/seed/protocol.xml#common-param-XPathName1" value="XPathName1"/>
            <ParameterValue id="Par8C5784C911C582B1C13000001ACEC960" parameterRef="/soa/b2b/seed/protocol.xml#common-param-XPathExpression1"/>
            <ParameterValue id="Par8C5784C911C582B1C13000001ACEC970" parameterRef="/soa/b2b/seed/protocol.xml#common-param-XPathName2" value="XPathName2"/>
            <ParameterValue id="Par8C5784C911C582B1C14000001ACEC980" parameterRef="/soa/b2b/seed/protocol.xml#common-param-XPathExpression2"/>
            <ParameterValue id="Par8C5784C911C582B1C15000001ACEC990" parameterRef="/soa/b2b/seed/protocol.xml#common-param-XPathName3" value="XPathName3"/>
            <ParameterValue id="Par8C5784C911C582B1C15000001ACEC9A0" parameterRef="/soa/b2b/seed/protocol.xml#common-param-XPathExpression3"/>
            <ParameterValue id="Par8C5784C911C582B1C16000001ACEC9B0" parameterRef="/soa/b2b/seed/protocol.xml#common-param-CorrelationFromXPathName" value="CorrelationFromXPathName"/>
            <ParameterValue id="Par8C5784C911C582B1C16000001ACEC9C0" parameterRef="/soa/b2b/seed/protocol.xml#common-param-CorrelationFromXPathXPR"/>
            <ParameterValue id="Par8C5784C911C582B1C17000001ACEC9D0" parameterRef="/soa/b2b/seed/protocol.xml#common-param-CorrelationToXPathName" value="CorrelationToXPathName"/>
            <ParameterValue id="Par8C5784C911C582B1C18000001ACEC9E0" parameterRef="/soa/b2b/seed/protocol.xml#common-param-CorrelationToXPathXPR"/>
         </DocumentDefinition>
         <ParameterValue id="Par8C5784C911C582B1C18000001ACEC9F0" parameterRef="/soa/b2b/seed/protocol.xml#x12-param-GroupID" value="FA"/>
         <ParameterValue id="Par8C5784C911C582B1C19000001ACECA00" parameterRef="/soa/b2b/seed/protocol.xml#x12-param-TransactionID"/>
         <ParameterValue id="Par8C5784C911C582B1C19000001ACECA10" parameterRef="/soa/b2b/seed/protocol.xml#x12-param-TransactionImplementationReference"/>
         <ParameterValue id="Par8C5784C911C582B1C1A000001ACECA20" parameterRef="/soa/b2b/seed/protocol.xml#x12-param-TransactionPurposeCode"/>
      </DocumentType>
      <ParameterValue id="Par8C5784C911C582B1C1B000001ACECA30" parameterRef="/soa/b2b/seed/protocol.xml#x12-param-InterchangeAuthorizationInfoQual" value="00"/>
      <ParameterValue id="Par8C5784C911C582B1C1B000001ACECA40" parameterRef="/soa/b2b/seed/protocol.xml#x12-param-InterchangeAuthorizationInfo"/>
      <ParameterValue id="Par8C5784C911C582B1C1C000001ACECA50" parameterRef="/soa/b2b/seed/protocol.xml#x12-param-InterchangeSecurityInfoQual" value="00"/>
      <ParameterValue id="Par8C5784C911C582B1C1C000001ACECA60" parameterRef="/soa/b2b/seed/protocol.xml#x12-param-InterchangeSecurityInfo"/>
      <ParameterValue id="Par8C5784C911C582B1C1D000001ACECA70" parameterRef="/soa/b2b/seed/protocol.xml#x12-param-InterchangeDate" value="#SystemDate(YYMMDD)#"/>
      <ParameterValue id="Par8C5784C911C582B1C1D000001ACECA80" parameterRef="/soa/b2b/seed/protocol.xml#x12-param-InterchangeTime" value="#SystemTime(HHMM)#"/>
      <ParameterValue id="Par8C5784C911C582B1C1E000001ACECA90" parameterRef="/soa/b2b/seed/protocol.xml#x12-param-InterchangeControlStandard_RepeatingSeparator" value="U"/>
      <ParameterValue id="Par8C5784C911C582B1C1E000001ACECAA0" parameterRef="/soa/b2b/seed/protocol.xml#x12-param-InterchangeControlVersion" value="00401"/>
      <ParameterValue id="Par8C5784C911C582B1C1F000001ACECAB0" parameterRef="/soa/b2b/seed/protocol.xml#x12-param-InterchangeAckRequested" value="0"/>
      <ParameterValue id="Par8C5784C911C582B1C20000001ACECAC0" parameterRef="/soa/b2b/seed/protocol.xml#x12-param-InterchangeUsageIndicator" value="P"/>
      <ParameterValue id="Par8C5784C911C582B1C20000001ACECAD0" parameterRef="/soa/b2b/seed/protocol.xml#x12-param-InterchangeECSFileBlob"/>
      <ParameterValue id="Par8C5784C911C582B1C21000001ACECAE0" parameterRef="/soa/b2b/seed/protocol.xml#x12-param-AcknowledgementOption" value="T2"/>
      <ParameterValue id="Par8C5784C911C582B1C21000001ACECAF0" parameterRef="/soa/b2b/seed/protocol.xml#x12-param-AcknowledgementType" value="997"/>
      <ParameterValue id="Par8C5784C911C582B1C22000001ACECB00" parameterRef="/soa/b2b/seed/protocol.xml#x12-param-Standard" value="X12"/>
      <ParameterValue id="Par8C5784C911C582B1C22000001ACECB10" parameterRef="/soa/b2b/seed/protocol.xml#x12-param-GroupDate" value="#SystemDate(CCYYMMDD)#"/>
      <ParameterValue id="Par8C5784C911C582B1C23000001ACECB20" parameterRef="/soa/b2b/seed/protocol.xml#x12-param-GroupTime" value="#SystemTime(HHMM)#"/>
      <ParameterValue id="Par8C5784C911C582B1C23000001ACECB30" parameterRef="/soa/b2b/seed/protocol.xml#x12-param-GroupAgencyCode" value="X"/>
      <ParameterValue id="Par8C5784C911C582B1C24000001ACECB40" parameterRef="/soa/b2b/seed/protocol.xml#x12-param-GroupVersionNumber"/>
      <ParameterValue id="Par8C5784C911C582B1C25000001ACECB50" parameterRef="/soa/b2b/seed/protocol.xml#x12-param-GroupECSFileBlob"/>
      <ParameterValue id="Par8C5784C911C582B1C25000001ACECB60" parameterRef="/soa/b2b/seed/protocol.xml#x12-param-SegmentDelimiter" value="0x7e"/>
      <ParameterValue id="Par8C5784C911C582B1C26000001ACECB70" parameterRef="/soa/b2b/seed/protocol.xml#x12-param-ElementDelimiter" value="0x2a"/>
      <ParameterValue id="Par8C5784C911C582B1C26000001ACECB80" parameterRef="/soa/b2b/seed/protocol.xml#x12-param-SubelementDelimiter" value="0x5c"/>
      <ParameterValue id="Par8C5784C911C582B1C27000001ACECB90" parameterRef="/soa/b2b/seed/protocol.xml#x12-param-DecimalSeparator" value="0x2e"/>
      <ParameterValue id="Par8C5784C911C582B1C27000001ACECBA0" parameterRef="/soa/b2b/seed/protocol.xml#x12-param-ReplacementChar" value="0x7c"/>
      <ParameterValue id="Par8C5784C911C582B1C28000001ACECBB0" parameterRef="/soa/b2b/seed/protocol.xml#x12-param-RepeatingSeparator" value="0x5e"/>
   </DocumentProtocolVersion>
</DocumentProtocol>
