<?xml version='1.0' encoding='UTF-8'?>
<TradingPartner hosted="false" id="tp_LNh-5809413801968740575" logoSO="/soa/b2b/seed/defaultSeededTpIcon.png" name="MarketInc" xmlns="http://xmlns.oracle.com/integration/b2b/profile">
   <Identification id="tpIden_mjx-4699273564174544963" typeRef="/soa/b2b/types.xml#itype-Name" value="MarketInc"/>
   <Identification id="tpIden_wG3913405301597535035" typeRef="/soa/b2b/types.xml#itype-InterchangeID" value="MARKETINC"/>
   <Identification id="tpIden_davrH4390305835844551770" typeRef="/soa/b2b/types.xml#itype-InterchangeIDQualifier" value="ZZ"/>
   <Identification id="tpIden_b-4812853060394213154" typeRef="/soa/b2b/types.xml#itype-GroupID" value="MARKETINC"/>
   <DeliveryChannel ackMode="None" active="false" compressed="false" id="CHANNEL_VaME5802192563565715942" internal="false" listening="false" name="MarketInc_Channel" responseMode="None" retryCount="3">
      <ExchangeProtocolRef exchangeProtocolRef="/soa/b2b/seed/protocol.xml#Generic-File" id="Exc8C5784C911C52D0D84E0000012ADC6B0"/>
      <TransportProtocolRef id="Tra8C5784C911C52D0D8270000012ADC670" transportProtocolRef="/soa/b2b/seed/protocol.xml#File">
         <ParameterValue id="Par8C5784C911C52D0D8280000012ADC680" parameterRef="/soa/b2b/seed/protocol.xml#file-param-polling_interval" value="5"/>
         <ParameterValue id="Par8C5784C911C52D0D8280000012ADC690" parameterRef="/soa/b2b/seed/protocol.xml#file-param-folder" value="/tmp/marketinc_out"/>
         <ParameterValue id="Par8C5784C911C52D0D8280000012ADC6A0" parameterRef="/soa/b2b/seed/protocol.xml#file-param-filename_format"/>
      </TransportProtocolRef>
      <DigitalSecurity ackSigned="false" id="Dig8C5784C911C52D0D8180000012ADC660" messageEncrypted="false" messageSigned="false" transportSecured="false"/>
   </DeliveryChannel>
   <SupportedDocumentDefinition docDefName="850_Def" docProtocolName="EDI_X12" docProtocolVersion="4010" docTypeName="850" documentDefinitionRef="/soa/b2b/doc_EDI_X12.xml#Doc8C5784C911C582B1BF8000001ACEC6E0" id="SUPPORTED_DEFINITION_zIh-1888431044074259344_0" initiator="true">
      <DocumentProtocolVersionParameterValues>
         <ParameterValue id="Par8C5784C911C52D0D9B70000012ADC7C0" parameterRef="/soa/b2b/seed/protocol.xml#x12-param-InterchangeAuthorizationInfoQual" value="00"/>
         <ParameterValue id="Par8C5784C911C52D0D9B70000012ADC7D0" parameterRef="/soa/b2b/seed/protocol.xml#x12-param-InterchangeAuthorizationInfo"/>
         <ParameterValue id="Par8C5784C911C52D0D9B70000012ADC7E0" parameterRef="/soa/b2b/seed/protocol.xml#x12-param-InterchangeSecurityInfoQual" value="00"/>
         <ParameterValue id="Par8C5784C911C52D0D9B70000012ADC7F0" parameterRef="/soa/b2b/seed/protocol.xml#x12-param-InterchangeSecurityInfo"/>
         <ParameterValue id="Par8C5784C911C52D0D9B70000012ADC800" parameterRef="/soa/b2b/seed/protocol.xml#x12-param-InterchangeDate" value="#SystemDate(YYMMDD)#"/>
         <ParameterValue id="Par8C5784C911C52D0D9B70000012ADC810" parameterRef="/soa/b2b/seed/protocol.xml#x12-param-InterchangeTime" value="#SystemTime(HHMM)#"/>
         <ParameterValue id="Par8C5784C911C52D0D9B80000012ADC820" parameterRef="/soa/b2b/seed/protocol.xml#x12-param-InterchangeControlStandard_RepeatingSeparator" value="U"/>
         <ParameterValue id="Par8C5784C911C52D0D9B80000012ADC830" parameterRef="/soa/b2b/seed/protocol.xml#x12-param-InterchangeControlVersion" value="00401"/>
         <ParameterValue id="Par8C5784C911C52D0D9B80000012ADC840" parameterRef="/soa/b2b/seed/protocol.xml#x12-param-InterchangeAckRequested" value="0"/>
         <ParameterValue id="Par8C5784C911C52D0D9B80000012ADC850" parameterRef="/soa/b2b/seed/protocol.xml#x12-param-InterchangeUsageIndicator" value="P"/>
         <ParameterValue id="Par8C5784C911C52D0D9B80000012ADC860" parameterRef="/soa/b2b/seed/protocol.xml#x12-param-InterchangeECSFileBlob"/>
         <ParameterValue id="Par8C5784C911C52D0D9B80000012ADC870" parameterRef="/soa/b2b/seed/protocol.xml#x12-param-AcknowledgementOption" value="T2"/>
         <ParameterValue id="Par8C5784C911C52D0D9B90000012ADC880" parameterRef="/soa/b2b/seed/protocol.xml#x12-param-AcknowledgementType" value="997"/>
         <ParameterValue id="Par8C5784C911C52D0D9B90000012ADC890" parameterRef="/soa/b2b/seed/protocol.xml#x12-param-Standard" value="X12"/>
         <ParameterValue id="Par8C5784C911C52D0D9B90000012ADC8A0" parameterRef="/soa/b2b/seed/protocol.xml#x12-param-GroupDate" value="#SystemDate(CCYYMMDD)#"/>
         <ParameterValue id="Par8C5784C911C52D0D9B90000012ADC8B0" parameterRef="/soa/b2b/seed/protocol.xml#x12-param-GroupTime" value="#SystemTime(HHMM)#"/>
         <ParameterValue id="Par8C5784C911C52D0D9B90000012ADC8C0" parameterRef="/soa/b2b/seed/protocol.xml#x12-param-GroupAgencyCode" value="X"/>
         <ParameterValue id="Par8C5784C911C52D0D9B90000012ADC8D0" parameterRef="/soa/b2b/seed/protocol.xml#x12-param-GroupVersionNumber"/>
         <ParameterValue id="Par8C5784C911C52D0D9BA0000012ADC8E0" parameterRef="/soa/b2b/seed/protocol.xml#x12-param-GroupECSFileBlob"/>
         <ParameterValue id="Par8C5784C911C52D0D9BA0000012ADC8F0" parameterRef="/soa/b2b/seed/protocol.xml#x12-param-SegmentDelimiter" value="0x7e"/>
         <ParameterValue id="Par8C5784C911C52D0D9BA0000012ADC900" parameterRef="/soa/b2b/seed/protocol.xml#x12-param-ElementDelimiter" value="0x2a"/>
         <ParameterValue id="Par8C5784C911C52D0D9BA0000012ADC910" parameterRef="/soa/b2b/seed/protocol.xml#x12-param-SubelementDelimiter" value="0x5c"/>
         <ParameterValue id="Par8C5784C911C52D0D9BA0000012ADC920" parameterRef="/soa/b2b/seed/protocol.xml#x12-param-DecimalSeparator" value="0x2e"/>
         <ParameterValue id="Par8C5784C911C52D0D9BA0000012ADC930" parameterRef="/soa/b2b/seed/protocol.xml#x12-param-ReplacementChar" value="0x7c"/>
         <ParameterValue id="Par8C5784C911C52D0D9BB0000012ADC940" parameterRef="/soa/b2b/seed/protocol.xml#x12-param-RepeatingSeparator" value="0x5e"/>
      </DocumentProtocolVersionParameterValues>
      <DocumentTypeParameterValues>
         <ParameterValue id="Par8C5784C911C52D0D99B0000012ADC780" parameterRef="/soa/b2b/seed/protocol.xml#x12-param-GroupID" value="PO"/>
         <ParameterValue id="Par8C5784C911C52D0D99B0000012ADC790" parameterRef="/soa/b2b/seed/protocol.xml#x12-param-TransactionID"/>
         <ParameterValue id="Par8C5784C911C52D0D99B0000012ADC7A0" parameterRef="/soa/b2b/seed/protocol.xml#x12-param-TransactionImplementationReference"/>
         <ParameterValue id="Par8C5784C911C52D0D99B0000012ADC7B0" parameterRef="/soa/b2b/seed/protocol.xml#x12-param-TransactionPurposeCode"/>
      </DocumentTypeParameterValues>
      <DocumentDefinitionParameterValues>
         <ParameterValue id="Par8C5784C911C52D0D9510000012ADC6C0" parameterRef="/soa/b2b/seed/protocol.xml#x12-param-TransactionECSFileBlob" value="/soa/b2b/EDI_X12/4010/850/850_Def/850.ecs"/>
         <ParameterValue id="Par8C5784C911C52D0D9510000012ADC6D0" parameterRef="/soa/b2b/seed/protocol.xml#x12-param-DocumentRoutingID"/>
         <ParameterValue id="Par8C5784C911C52D0D9520000012ADC6E0" parameterRef="/soa/b2b/seed/protocol.xml#common-param-XPathName1" value="Type Code"/>
         <ParameterValue id="Par8C5784C911C52D0D9520000012ADC6F0" parameterRef="/soa/b2b/seed/protocol.xml#common-param-XPathExpression1" value="/*[local-name()='Transaction-850']/*[local-name()='Segment-BEG']/*[local-name()='Element-92']"/>
         <ParameterValue id="Par8C5784C911C52D0D9520000012ADC700" parameterRef="/soa/b2b/seed/protocol.xml#common-param-XPathName2" value="PO Number"/>
         <ParameterValue id="Par8C5784C911C52D0D9520000012ADC710" parameterRef="/soa/b2b/seed/protocol.xml#common-param-XPathExpression2" value="/*[local-name()='Transaction-850']/*[local-name()='Segment-BEG']/*[local-name()='Element-324']"/>
         <ParameterValue id="Par8C5784C911C52D0D9520000012ADC720" parameterRef="/soa/b2b/seed/protocol.xml#common-param-XPathName3" value="Total Monetary Amount"/>
         <ParameterValue id="Par8C5784C911C52D0D9520000012ADC730" parameterRef="/soa/b2b/seed/protocol.xml#common-param-XPathExpression3" value="/*[local-name()='Transaction-850']/*[local-name()='Loop-CTT']/*[local-name()='Segment-AMT']/*[local-name()='Element-782']"/>
         <ParameterValue id="Par8C5784C911C52D0D9520000012ADC740" parameterRef="/soa/b2b/seed/protocol.xml#common-param-CorrelationFromXPathName" value="PO Number"/>
         <ParameterValue id="Par8C5784C911C52D0D9530000012ADC750" parameterRef="/soa/b2b/seed/protocol.xml#common-param-CorrelationFromXPathXPR" value="/*[local-name()='Transaction-850']/*[local-name()='Segment-BEG']/*[local-name()='Element-324']"/>
         <ParameterValue id="Par8C5784C911C52D0D9530000012ADC760" parameterRef="/soa/b2b/seed/protocol.xml#common-param-CorrelationToXPathName" value="CorrelationToXPathName"/>
         <ParameterValue id="Par8C5784C911C52D0D9530000012ADC770" parameterRef="/soa/b2b/seed/protocol.xml#common-param-CorrelationToXPathXPR"/>
      </DocumentDefinitionParameterValues>
   </SupportedDocumentDefinition>
   <SupportedDocumentDefinition docDefName="855_Def" docProtocolName="EDI_X12" docProtocolVersion="4010" docTypeName="855" documentDefinitionRef="/soa/b2b/doc_EDI_X12.xml#Doc8C5784C911C582B1C03000001ACEC800" id="SUPPORTED_DEFINITION_GqON7369536866337396296_1" initiator="false">
      <DocumentProtocolVersionParameterValues>
         <ParameterValue id="DOCUMENT_VERSION_PARAMETER_FNBv-4485006360161888370" parameterRef="/soa/b2b/seed/protocol.xml#x12-param-InterchangeAuthorizationInfoQual" value="00"/>
         <ParameterValue id="DOCUMENT_VERSION_PARAMETER_A6504555157616223395" parameterRef="/soa/b2b/seed/protocol.xml#x12-param-InterchangeAuthorizationInfo"/>
         <ParameterValue id="DOCUMENT_VERSION_PARAMETER_C7622825349838357789" parameterRef="/soa/b2b/seed/protocol.xml#x12-param-InterchangeSecurityInfoQual" value="00"/>
         <ParameterValue id="DOCUMENT_VERSION_PARAMETER_C8077230480656214076" parameterRef="/soa/b2b/seed/protocol.xml#x12-param-InterchangeSecurityInfo"/>
         <ParameterValue id="DOCUMENT_VERSION_PARAMETER_v-707190379870663569" parameterRef="/soa/b2b/seed/protocol.xml#x12-param-InterchangeDate" value="#SystemDate(YYMMDD)#"/>
         <ParameterValue id="DOCUMENT_VERSION_PARAMETER_C-217766643999324057" parameterRef="/soa/b2b/seed/protocol.xml#x12-param-InterchangeTime" value="#SystemTime(HHMM)#"/>
         <ParameterValue id="DOCUMENT_VERSION_PARAMETER_mlakQ-6156752560617972085" parameterRef="/soa/b2b/seed/protocol.xml#x12-param-InterchangeControlStandard_RepeatingSeparator" value="U"/>
         <ParameterValue id="DOCUMENT_VERSION_PARAMETER_KLHKwg1792112706647260136" parameterRef="/soa/b2b/seed/protocol.xml#x12-param-InterchangeControlVersion" value="00401"/>
         <ParameterValue id="DOCUMENT_VERSION_PARAMETER_rd-5610974361981888557" parameterRef="/soa/b2b/seed/protocol.xml#x12-param-InterchangeAckRequested" value="0"/>
         <ParameterValue id="DOCUMENT_VERSION_PARAMETER_shrR5567488108213665653" parameterRef="/soa/b2b/seed/protocol.xml#x12-param-InterchangeUsageIndicator" value="P"/>
         <ParameterValue id="DOCUMENT_VERSION_PARAMETER_RXXKk4212123690928116712" parameterRef="/soa/b2b/seed/protocol.xml#x12-param-InterchangeECSFileBlob"/>
         <ParameterValue id="DOCUMENT_VERSION_PARAMETER_TGw-1410504563699788340" parameterRef="/soa/b2b/seed/protocol.xml#x12-param-AcknowledgementOption" value="T2"/>
         <ParameterValue id="DOCUMENT_VERSION_PARAMETER_hrxj3652269360828911190" parameterRef="/soa/b2b/seed/protocol.xml#x12-param-AcknowledgementType" value="997"/>
         <ParameterValue id="DOCUMENT_VERSION_PARAMETER_PUTwyd-3440684497200261296" parameterRef="/soa/b2b/seed/protocol.xml#x12-param-Standard" value="X12"/>
         <ParameterValue id="DOCUMENT_VERSION_PARAMETER_f-3870344539141839430" parameterRef="/soa/b2b/seed/protocol.xml#x12-param-GroupDate" value="#SystemDate(CCYYMMDD)#"/>
         <ParameterValue id="DOCUMENT_VERSION_PARAMETER_aJN-6704731343229872336" parameterRef="/soa/b2b/seed/protocol.xml#x12-param-GroupTime" value="#SystemTime(HHMM)#"/>
         <ParameterValue id="DOCUMENT_VERSION_PARAMETER_W-407146127654952312" parameterRef="/soa/b2b/seed/protocol.xml#x12-param-GroupAgencyCode" value="X"/>
         <ParameterValue id="DOCUMENT_VERSION_PARAMETER_KMI-563588475335421208" parameterRef="/soa/b2b/seed/protocol.xml#x12-param-GroupVersionNumber"/>
         <ParameterValue id="DOCUMENT_VERSION_PARAMETER_UxjeiUc-1498463822597204416" parameterRef="/soa/b2b/seed/protocol.xml#x12-param-GroupECSFileBlob"/>
         <ParameterValue id="DOCUMENT_VERSION_PARAMETER_vXKYSL5947434188031157921" parameterRef="/soa/b2b/seed/protocol.xml#x12-param-SegmentDelimiter" value="0x7e"/>
         <ParameterValue id="DOCUMENT_VERSION_PARAMETER_GoJ6227300931456454355" parameterRef="/soa/b2b/seed/protocol.xml#x12-param-ElementDelimiter" value="0x2a"/>
         <ParameterValue id="DOCUMENT_VERSION_PARAMETER_PsxhDb-2865447979314306103" parameterRef="/soa/b2b/seed/protocol.xml#x12-param-SubelementDelimiter" value="0x5c"/>
         <ParameterValue id="DOCUMENT_VERSION_PARAMETER_E4763871525169905091" parameterRef="/soa/b2b/seed/protocol.xml#x12-param-DecimalSeparator" value="0x2e"/>
         <ParameterValue id="DOCUMENT_VERSION_PARAMETER_jzC-3859989356952822302" parameterRef="/soa/b2b/seed/protocol.xml#x12-param-ReplacementChar" value="0x7c"/>
         <ParameterValue id="DOCUMENT_VERSION_PARAMETER_zwMUG2765743718449106355" parameterRef="/soa/b2b/seed/protocol.xml#x12-param-RepeatingSeparator" value="0x5e"/>
      </DocumentProtocolVersionParameterValues>
      <DocumentTypeParameterValues>
         <ParameterValue id="DOCUMENT_TYPE_PARAMETER_u5329473527687563168" parameterRef="/soa/b2b/seed/protocol.xml#x12-param-GroupID" value="PR"/>
         <ParameterValue id="DOCUMENT_TYPE_PARAMETER_gVPTSh6127591413902557284" parameterRef="/soa/b2b/seed/protocol.xml#x12-param-TransactionID"/>
         <ParameterValue id="DOCUMENT_TYPE_PARAMETER_vTATj-8151397437668286314" parameterRef="/soa/b2b/seed/protocol.xml#x12-param-TransactionImplementationReference"/>
         <ParameterValue id="DOCUMENT_TYPE_PARAMETER_D-6054382362489215771" parameterRef="/soa/b2b/seed/protocol.xml#x12-param-TransactionPurposeCode"/>
      </DocumentTypeParameterValues>
      <DocumentDefinitionParameterValues>
         <ParameterValue id="DEFINITION_PARAMETER_Zgwkxvf-3012572688840350821" parameterRef="/soa/b2b/seed/protocol.xml#x12-param-TransactionECSFileBlob" value="/soa/b2b/EDI_X12/4010/855/855_Def/855.ecs"/>
         <ParameterValue id="DEFINITION_PARAMETER_yOz5347142165026197152" parameterRef="/soa/b2b/seed/protocol.xml#x12-param-DocumentRoutingID"/>
         <ParameterValue id="DEFINITION_PARAMETER_RuLsts-8417309201320848784" parameterRef="/soa/b2b/seed/protocol.xml#common-param-XPathName1" value="Type Code"/>
         <ParameterValue id="DEFINITION_PARAMETER_bt7440548416959367273" parameterRef="/soa/b2b/seed/protocol.xml#common-param-XPathExpression1" value="/*[local-name()='Transaction-855']/*[local-name()='Segment-BAK']/*[local-name()='Element-587']"/>
         <ParameterValue id="DEFINITION_PARAMETER_Qoc-7421647450517039830" parameterRef="/soa/b2b/seed/protocol.xml#common-param-XPathName2" value="PO Number"/>
         <ParameterValue id="DEFINITION_PARAMETER_MVWzOxA-3755655121107940727" parameterRef="/soa/b2b/seed/protocol.xml#common-param-XPathExpression2" value="/*[local-name()='Transaction-855']/*[local-name()='Segment-BAK']/*[local-name()='Element-324']"/>
         <ParameterValue id="DEFINITION_PARAMETER_ryBv-381524033882687075" parameterRef="/soa/b2b/seed/protocol.xml#common-param-XPathName3" value="Total Monetary Amount"/>
         <ParameterValue id="DEFINITION_PARAMETER_Aj-8463786119905711612" parameterRef="/soa/b2b/seed/protocol.xml#common-param-XPathExpression3" value="/*[local-name()='Transaction-855']/*[local-name()='Loop-CTT']/*[local-name()='Segment-AMT']/*[local-name()='Element-782']"/>
         <ParameterValue id="DEFINITION_PARAMETER_VmA9005721087715935640" parameterRef="/soa/b2b/seed/protocol.xml#common-param-CorrelationFromXPathName" value="CorrelationFromXPathName"/>
         <ParameterValue id="DEFINITION_PARAMETER_Wm4204581813796044927" parameterRef="/soa/b2b/seed/protocol.xml#common-param-CorrelationFromXPathXPR"/>
         <ParameterValue id="DEFINITION_PARAMETER_RsoZ-4887676733648542964" parameterRef="/soa/b2b/seed/protocol.xml#common-param-CorrelationToXPathName" value="PO Number"/>
         <ParameterValue id="DEFINITION_PARAMETER_jgTv6075646871866579494" parameterRef="/soa/b2b/seed/protocol.xml#common-param-CorrelationToXPathXPR" value="/*[local-name()='Transaction-855']/*[local-name()='Segment-BAK']/*[local-name()='Element-324']"/>
      </DocumentDefinitionParameterValues>
   </SupportedDocumentDefinition>
   <SupportedDocumentDefinition docDefName="997_Def" docProtocolName="EDI_X12" docProtocolVersion="4010" docTypeName="997" documentDefinitionRef="/soa/b2b/doc_EDI_X12.xml#Doc8C5784C911C582B1C10000001ACEC920" id="SUPPORTED_DEFINITION_OWyMS2347046721985628753_0" initiator="true">
      <DocumentProtocolVersionParameterValues>
         <ParameterValue id="Par8C5784C911C52D0DD5B0000012ADCCE0" parameterRef="/soa/b2b/seed/protocol.xml#x12-param-InterchangeAuthorizationInfoQual" value="00"/>
         <ParameterValue id="Par8C5784C911C52D0DD5B0000012ADCCF0" parameterRef="/soa/b2b/seed/protocol.xml#x12-param-InterchangeAuthorizationInfo"/>
         <ParameterValue id="Par8C5784C911C52D0DD5C0000012ADCD00" parameterRef="/soa/b2b/seed/protocol.xml#x12-param-InterchangeSecurityInfoQual" value="00"/>
         <ParameterValue id="Par8C5784C911C52D0DD5C0000012ADCD10" parameterRef="/soa/b2b/seed/protocol.xml#x12-param-InterchangeSecurityInfo"/>
         <ParameterValue id="Par8C5784C911C52D0DD5C0000012ADCD20" parameterRef="/soa/b2b/seed/protocol.xml#x12-param-InterchangeDate" value="#SystemDate(YYMMDD)#"/>
         <ParameterValue id="Par8C5784C911C52D0DD5C0000012ADCD30" parameterRef="/soa/b2b/seed/protocol.xml#x12-param-InterchangeTime" value="#SystemTime(HHMM)#"/>
         <ParameterValue id="Par8C5784C911C52D0DD5C0000012ADCD40" parameterRef="/soa/b2b/seed/protocol.xml#x12-param-InterchangeControlStandard_RepeatingSeparator" value="U"/>
         <ParameterValue id="Par8C5784C911C52D0DD5C0000012ADCD50" parameterRef="/soa/b2b/seed/protocol.xml#x12-param-InterchangeControlVersion" value="00401"/>
         <ParameterValue id="Par8C5784C911C52D0DD5D0000012ADCD60" parameterRef="/soa/b2b/seed/protocol.xml#x12-param-InterchangeAckRequested" value="0"/>
         <ParameterValue id="Par8C5784C911C52D0DD5D0000012ADCD70" parameterRef="/soa/b2b/seed/protocol.xml#x12-param-InterchangeUsageIndicator" value="P"/>
         <ParameterValue id="Par8C5784C911C52D0DD5D0000012ADCD80" parameterRef="/soa/b2b/seed/protocol.xml#x12-param-InterchangeECSFileBlob"/>
         <ParameterValue id="Par8C5784C911C52D0DD5D0000012ADCD90" parameterRef="/soa/b2b/seed/protocol.xml#x12-param-AcknowledgementOption" value="T2"/>
         <ParameterValue id="Par8C5784C911C52D0DD5D0000012ADCDA0" parameterRef="/soa/b2b/seed/protocol.xml#x12-param-AcknowledgementType" value="997"/>
         <ParameterValue id="Par8C5784C911C52D0DD5D0000012ADCDB0" parameterRef="/soa/b2b/seed/protocol.xml#x12-param-Standard" value="X12"/>
         <ParameterValue id="Par8C5784C911C52D0DD5E0000012ADCDC0" parameterRef="/soa/b2b/seed/protocol.xml#x12-param-GroupDate" value="#SystemDate(CCYYMMDD)#"/>
         <ParameterValue id="Par8C5784C911C52D0DD5E0000012ADCDD0" parameterRef="/soa/b2b/seed/protocol.xml#x12-param-GroupTime" value="#SystemTime(HHMM)#"/>
         <ParameterValue id="Par8C5784C911C52D0DD5E0000012ADCDE0" parameterRef="/soa/b2b/seed/protocol.xml#x12-param-GroupAgencyCode" value="X"/>
         <ParameterValue id="Par8C5784C911C52D0DD5E0000012ADCDF0" parameterRef="/soa/b2b/seed/protocol.xml#x12-param-GroupVersionNumber"/>
         <ParameterValue id="Par8C5784C911C52D0DD5E0000012ADCE00" parameterRef="/soa/b2b/seed/protocol.xml#x12-param-GroupECSFileBlob"/>
         <ParameterValue id="Par8C5784C911C52D0DD5E0000012ADCE10" parameterRef="/soa/b2b/seed/protocol.xml#x12-param-SegmentDelimiter" value="0x7e"/>
         <ParameterValue id="Par8C5784C911C52D0DD5F0000012ADCE20" parameterRef="/soa/b2b/seed/protocol.xml#x12-param-ElementDelimiter" value="0x2a"/>
         <ParameterValue id="Par8C5784C911C52D0DD5F0000012ADCE30" parameterRef="/soa/b2b/seed/protocol.xml#x12-param-SubelementDelimiter" value="0x5c"/>
         <ParameterValue id="Par8C5784C911C52D0DD5F0000012ADCE40" parameterRef="/soa/b2b/seed/protocol.xml#x12-param-DecimalSeparator" value="0x2e"/>
         <ParameterValue id="Par8C5784C911C52D0DD5F0000012ADCE50" parameterRef="/soa/b2b/seed/protocol.xml#x12-param-ReplacementChar" value="0x7c"/>
         <ParameterValue id="Par8C5784C911C52D0DD5F0000012ADCE60" parameterRef="/soa/b2b/seed/protocol.xml#x12-param-RepeatingSeparator" value="0x5e"/>
      </DocumentProtocolVersionParameterValues>
      <DocumentTypeParameterValues>
         <ParameterValue id="Par8C5784C911C52D0DD450000012ADCCA0" parameterRef="/soa/b2b/seed/protocol.xml#x12-param-GroupID" value="FA"/>
         <ParameterValue id="Par8C5784C911C52D0DD450000012ADCCB0" parameterRef="/soa/b2b/seed/protocol.xml#x12-param-TransactionID"/>
         <ParameterValue id="Par8C5784C911C52D0DD450000012ADCCC0" parameterRef="/soa/b2b/seed/protocol.xml#x12-param-TransactionImplementationReference"/>
         <ParameterValue id="Par8C5784C911C52D0DD450000012ADCCD0" parameterRef="/soa/b2b/seed/protocol.xml#x12-param-TransactionPurposeCode"/>
      </DocumentTypeParameterValues>
      <DocumentDefinitionParameterValues>
         <ParameterValue id="Par8C5784C911C52D0DD040000012ADCBE0" parameterRef="/soa/b2b/seed/protocol.xml#x12-param-TransactionECSFileBlob" value="/soa/b2b/EDI_X12/4010/997/997_Def/997.ecs"/>
         <ParameterValue id="Par8C5784C911C52D0DD050000012ADCBF0" parameterRef="/soa/b2b/seed/protocol.xml#x12-param-DocumentRoutingID"/>
         <ParameterValue id="Par8C5784C911C52D0DD050000012ADCC00" parameterRef="/soa/b2b/seed/protocol.xml#common-param-XPathName1" value="XPathName1"/>
         <ParameterValue id="Par8C5784C911C52D0DD050000012ADCC10" parameterRef="/soa/b2b/seed/protocol.xml#common-param-XPathExpression1"/>
         <ParameterValue id="Par8C5784C911C52D0DD050000012ADCC20" parameterRef="/soa/b2b/seed/protocol.xml#common-param-XPathName2" value="XPathName2"/>
         <ParameterValue id="Par8C5784C911C52D0DD050000012ADCC30" parameterRef="/soa/b2b/seed/protocol.xml#common-param-XPathExpression2"/>
         <ParameterValue id="Par8C5784C911C52D0DD050000012ADCC40" parameterRef="/soa/b2b/seed/protocol.xml#common-param-XPathName3" value="XPathName3"/>
         <ParameterValue id="Par8C5784C911C52D0DD060000012ADCC50" parameterRef="/soa/b2b/seed/protocol.xml#common-param-XPathExpression3"/>
         <ParameterValue id="Par8C5784C911C52D0DD060000012ADCC60" parameterRef="/soa/b2b/seed/protocol.xml#common-param-CorrelationFromXPathName" value="CorrelationFromXPathName"/>
         <ParameterValue id="Par8C5784C911C52D0DD060000012ADCC70" parameterRef="/soa/b2b/seed/protocol.xml#common-param-CorrelationFromXPathXPR"/>
         <ParameterValue id="Par8C5784C911C52D0DD060000012ADCC80" parameterRef="/soa/b2b/seed/protocol.xml#common-param-CorrelationToXPathName" value="CorrelationToXPathName"/>
         <ParameterValue id="Par8C5784C911C52D0DD060000012ADCC90" parameterRef="/soa/b2b/seed/protocol.xml#common-param-CorrelationToXPathXPR"/>
      </DocumentDefinitionParameterValues>
   </SupportedDocumentDefinition>
   <SupportedDocumentDefinition docDefName="997_Def" docProtocolName="EDI_X12" docProtocolVersion="4010" docTypeName="997" documentDefinitionRef="/soa/b2b/doc_EDI_X12.xml#Doc8C5784C911C582B1C10000001ACEC920" id="SUPPORTED_DEFINITION_OWyMS2347046721985628753_1" initiator="false">
      <DocumentProtocolVersionParameterValues>
         <ParameterValue id="Par8C5784C911C52D0DF290000012ADCF70" parameterRef="/soa/b2b/seed/protocol.xml#x12-param-InterchangeAuthorizationInfoQual" value="00"/>
         <ParameterValue id="Par8C5784C911C52D0DF290000012ADCF80" parameterRef="/soa/b2b/seed/protocol.xml#x12-param-InterchangeAuthorizationInfo"/>
         <ParameterValue id="Par8C5784C911C52D0DF2A0000012ADCF90" parameterRef="/soa/b2b/seed/protocol.xml#x12-param-InterchangeSecurityInfoQual" value="00"/>
         <ParameterValue id="Par8C5784C911C52D0DF2A0000012ADCFA0" parameterRef="/soa/b2b/seed/protocol.xml#x12-param-InterchangeSecurityInfo"/>
         <ParameterValue id="Par8C5784C911C52D0DF2A0000012ADCFB0" parameterRef="/soa/b2b/seed/protocol.xml#x12-param-InterchangeDate" value="#SystemDate(YYMMDD)#"/>
         <ParameterValue id="Par8C5784C911C52D0DF2A0000012ADCFC0" parameterRef="/soa/b2b/seed/protocol.xml#x12-param-InterchangeTime" value="#SystemTime(HHMM)#"/>
         <ParameterValue id="Par8C5784C911C52D0DF2A0000012ADCFD0" parameterRef="/soa/b2b/seed/protocol.xml#x12-param-InterchangeControlStandard_RepeatingSeparator" value="U"/>
         <ParameterValue id="Par8C5784C911C52D0DF2A0000012ADCFE0" parameterRef="/soa/b2b/seed/protocol.xml#x12-param-InterchangeControlVersion" value="00401"/>
         <ParameterValue id="Par8C5784C911C52D0DF2B0000012ADCFF0" parameterRef="/soa/b2b/seed/protocol.xml#x12-param-InterchangeAckRequested" value="0"/>
         <ParameterValue id="Par8C5784C911C52D0DF2B0000012ADD000" parameterRef="/soa/b2b/seed/protocol.xml#x12-param-InterchangeUsageIndicator" value="P"/>
         <ParameterValue id="Par8C5784C911C52D0DF2B0000012ADD010" parameterRef="/soa/b2b/seed/protocol.xml#x12-param-InterchangeECSFileBlob"/>
         <ParameterValue id="Par8C5784C911C52D0DF2B0000012ADD020" parameterRef="/soa/b2b/seed/protocol.xml#x12-param-AcknowledgementOption" value="T2"/>
         <ParameterValue id="Par8C5784C911C52D0DF2B0000012ADD030" parameterRef="/soa/b2b/seed/protocol.xml#x12-param-AcknowledgementType" value="997"/>
         <ParameterValue id="Par8C5784C911C52D0DF2B0000012ADD040" parameterRef="/soa/b2b/seed/protocol.xml#x12-param-Standard" value="X12"/>
         <ParameterValue id="Par8C5784C911C52D0DF2B0000012ADD050" parameterRef="/soa/b2b/seed/protocol.xml#x12-param-GroupDate" value="#SystemDate(CCYYMMDD)#"/>
         <ParameterValue id="Par8C5784C911C52D0DF2C0000012ADD060" parameterRef="/soa/b2b/seed/protocol.xml#x12-param-GroupTime" value="#SystemTime(HHMM)#"/>
         <ParameterValue id="Par8C5784C911C52D0DF2C0000012ADD070" parameterRef="/soa/b2b/seed/protocol.xml#x12-param-GroupAgencyCode" value="X"/>
         <ParameterValue id="Par8C5784C911C52D0DF2C0000012ADD080" parameterRef="/soa/b2b/seed/protocol.xml#x12-param-GroupVersionNumber"/>
         <ParameterValue id="Par8C5784C911C52D0DF2C0000012ADD090" parameterRef="/soa/b2b/seed/protocol.xml#x12-param-GroupECSFileBlob"/>
         <ParameterValue id="Par8C5784C911C52D0DF2C0000012ADD0A0" parameterRef="/soa/b2b/seed/protocol.xml#x12-param-SegmentDelimiter" value="0x7e"/>
         <ParameterValue id="Par8C5784C911C52D0DF2C0000012ADD0B0" parameterRef="/soa/b2b/seed/protocol.xml#x12-param-ElementDelimiter" value="0x2a"/>
         <ParameterValue id="Par8C5784C911C52D0DF2D0000012ADD0C0" parameterRef="/soa/b2b/seed/protocol.xml#x12-param-SubelementDelimiter" value="0x5c"/>
         <ParameterValue id="Par8C5784C911C52D0DF2D0000012ADD0D0" parameterRef="/soa/b2b/seed/protocol.xml#x12-param-DecimalSeparator" value="0x2e"/>
         <ParameterValue id="Par8C5784C911C52D0DF2D0000012ADD0E0" parameterRef="/soa/b2b/seed/protocol.xml#x12-param-ReplacementChar" value="0x7c"/>
         <ParameterValue id="Par8C5784C911C52D0DF2D0000012ADD0F0" parameterRef="/soa/b2b/seed/protocol.xml#x12-param-RepeatingSeparator" value="0x5e"/>
      </DocumentProtocolVersionParameterValues>
      <DocumentTypeParameterValues>
         <ParameterValue id="Par8C5784C911C52D0DF130000012ADCF30" parameterRef="/soa/b2b/seed/protocol.xml#x12-param-GroupID" value="FA"/>
         <ParameterValue id="Par8C5784C911C52D0DF130000012ADCF40" parameterRef="/soa/b2b/seed/protocol.xml#x12-param-TransactionID"/>
         <ParameterValue id="Par8C5784C911C52D0DF140000012ADCF50" parameterRef="/soa/b2b/seed/protocol.xml#x12-param-TransactionImplementationReference"/>
         <ParameterValue id="Par8C5784C911C52D0DF140000012ADCF60" parameterRef="/soa/b2b/seed/protocol.xml#x12-param-TransactionPurposeCode"/>
      </DocumentTypeParameterValues>
      <DocumentDefinitionParameterValues>
         <ParameterValue id="Par8C5784C911C52D0DEB70000012ADCE70" parameterRef="/soa/b2b/seed/protocol.xml#x12-param-TransactionECSFileBlob" value="/soa/b2b/EDI_X12/4010/997/997_Def/997.ecs"/>
         <ParameterValue id="Par8C5784C911C52D0DEB70000012ADCE80" parameterRef="/soa/b2b/seed/protocol.xml#x12-param-DocumentRoutingID"/>
         <ParameterValue id="Par8C5784C911C52D0DEB80000012ADCE90" parameterRef="/soa/b2b/seed/protocol.xml#common-param-XPathName1" value="XPathName1"/>
         <ParameterValue id="Par8C5784C911C52D0DEB80000012ADCEA0" parameterRef="/soa/b2b/seed/protocol.xml#common-param-XPathExpression1"/>
         <ParameterValue id="Par8C5784C911C52D0DEB80000012ADCEB0" parameterRef="/soa/b2b/seed/protocol.xml#common-param-XPathName2" value="XPathName2"/>
         <ParameterValue id="Par8C5784C911C52D0DEB80000012ADCEC0" parameterRef="/soa/b2b/seed/protocol.xml#common-param-XPathExpression2"/>
         <ParameterValue id="Par8C5784C911C52D0DEB80000012ADCED0" parameterRef="/soa/b2b/seed/protocol.xml#common-param-XPathName3" value="XPathName3"/>
         <ParameterValue id="Par8C5784C911C52D0DEB80000012ADCEE0" parameterRef="/soa/b2b/seed/protocol.xml#common-param-XPathExpression3"/>
         <ParameterValue id="Par8C5784C911C52D0DEB90000012ADCEF0" parameterRef="/soa/b2b/seed/protocol.xml#common-param-CorrelationFromXPathName" value="CorrelationFromXPathName"/>
         <ParameterValue id="Par8C5784C911C52D0DEB90000012ADCF00" parameterRef="/soa/b2b/seed/protocol.xml#common-param-CorrelationFromXPathXPR"/>
         <ParameterValue id="Par8C5784C911C52D0DEB90000012ADCF10" parameterRef="/soa/b2b/seed/protocol.xml#common-param-CorrelationToXPathName" value="CorrelationToXPathName"/>
         <ParameterValue id="Par8C5784C911C52D0DEB90000012ADCF20" parameterRef="/soa/b2b/seed/protocol.xml#common-param-CorrelationToXPathXPR"/>
      </DocumentDefinitionParameterValues>
   </SupportedDocumentDefinition>
   <SupportedDocumentDefinition docDefName="855_Def" docProtocolName="EDI_X12" docProtocolVersion="4010" docTypeName="855" documentDefinitionRef="/soa/b2b/doc_EDI_X12.xml#Doc8C5784C911C582B1C03000001ACEC800" id="SUPPORTED_DEFINITION_GqON7369536866337396296_0" initiator="true">
      <DocumentProtocolVersionParameterValues>
         <ParameterValue id="DOCUMENT_VERSION_PARAMETER_YAjGNw-1219600174707532971" parameterRef="/soa/b2b/seed/protocol.xml#x12-param-InterchangeAuthorizationInfoQual" value="00"/>
         <ParameterValue id="DOCUMENT_VERSION_PARAMETER_p8025322008978293680" parameterRef="/soa/b2b/seed/protocol.xml#x12-param-InterchangeAuthorizationInfo"/>
         <ParameterValue id="DOCUMENT_VERSION_PARAMETER_rfhJ-3822330323279709724" parameterRef="/soa/b2b/seed/protocol.xml#x12-param-InterchangeSecurityInfoQual" value="00"/>
         <ParameterValue id="DOCUMENT_VERSION_PARAMETER_q-4590209299373512135" parameterRef="/soa/b2b/seed/protocol.xml#x12-param-InterchangeSecurityInfo"/>
         <ParameterValue id="DOCUMENT_VERSION_PARAMETER_KC-7193415528803811386" parameterRef="/soa/b2b/seed/protocol.xml#x12-param-InterchangeDate" value="#SystemDate(YYMMDD)#"/>
         <ParameterValue id="DOCUMENT_VERSION_PARAMETER_J9160411645949857346" parameterRef="/soa/b2b/seed/protocol.xml#x12-param-InterchangeTime" value="#SystemTime(HHMM)#"/>
         <ParameterValue id="DOCUMENT_VERSION_PARAMETER_MtkNpl3907655619946520700" parameterRef="/soa/b2b/seed/protocol.xml#x12-param-InterchangeControlStandard_RepeatingSeparator" value="U"/>
         <ParameterValue id="DOCUMENT_VERSION_PARAMETER_aXN2834410012368197876" parameterRef="/soa/b2b/seed/protocol.xml#x12-param-InterchangeControlVersion" value="00401"/>
         <ParameterValue id="DOCUMENT_VERSION_PARAMETER_iiuVi-4415799874608607010" parameterRef="/soa/b2b/seed/protocol.xml#x12-param-InterchangeAckRequested" value="0"/>
         <ParameterValue id="DOCUMENT_VERSION_PARAMETER_l5900974109685084441" parameterRef="/soa/b2b/seed/protocol.xml#x12-param-InterchangeUsageIndicator" value="P"/>
         <ParameterValue id="DOCUMENT_VERSION_PARAMETER_n5230325480566987399" parameterRef="/soa/b2b/seed/protocol.xml#x12-param-InterchangeECSFileBlob"/>
         <ParameterValue id="DOCUMENT_VERSION_PARAMETER_hMHSj4240549254582586537" parameterRef="/soa/b2b/seed/protocol.xml#x12-param-AcknowledgementOption" value="T2"/>
         <ParameterValue id="DOCUMENT_VERSION_PARAMETER_oOiLuh5505965641992439801" parameterRef="/soa/b2b/seed/protocol.xml#x12-param-AcknowledgementType" value="997"/>
         <ParameterValue id="DOCUMENT_VERSION_PARAMETER_Xrbq-6865744958732786545" parameterRef="/soa/b2b/seed/protocol.xml#x12-param-Standard" value="X12"/>
         <ParameterValue id="DOCUMENT_VERSION_PARAMETER_OXoMyR-5693398265728745495" parameterRef="/soa/b2b/seed/protocol.xml#x12-param-GroupDate" value="#SystemDate(CCYYMMDD)#"/>
         <ParameterValue id="DOCUMENT_VERSION_PARAMETER_mwt544676852174480187" parameterRef="/soa/b2b/seed/protocol.xml#x12-param-GroupTime" value="#SystemTime(HHMM)#"/>
         <ParameterValue id="DOCUMENT_VERSION_PARAMETER_p7185912285106024690" parameterRef="/soa/b2b/seed/protocol.xml#x12-param-GroupAgencyCode" value="X"/>
         <ParameterValue id="DOCUMENT_VERSION_PARAMETER_HCOoA-2124952505751990603" parameterRef="/soa/b2b/seed/protocol.xml#x12-param-GroupVersionNumber"/>
         <ParameterValue id="DOCUMENT_VERSION_PARAMETER_rnPacxY-330695453947829095" parameterRef="/soa/b2b/seed/protocol.xml#x12-param-GroupECSFileBlob"/>
         <ParameterValue id="DOCUMENT_VERSION_PARAMETER_Xtqxtn7982441372143640282" parameterRef="/soa/b2b/seed/protocol.xml#x12-param-SegmentDelimiter" value="0x7e"/>
         <ParameterValue id="DOCUMENT_VERSION_PARAMETER_yr4925703924935820091" parameterRef="/soa/b2b/seed/protocol.xml#x12-param-ElementDelimiter" value="0x2a"/>
         <ParameterValue id="DOCUMENT_VERSION_PARAMETER_rCAU8133515492466746903" parameterRef="/soa/b2b/seed/protocol.xml#x12-param-SubelementDelimiter" value="0x5c"/>
         <ParameterValue id="DOCUMENT_VERSION_PARAMETER_KQPCFka3871798900534162595" parameterRef="/soa/b2b/seed/protocol.xml#x12-param-DecimalSeparator" value="0x2e"/>
         <ParameterValue id="DOCUMENT_VERSION_PARAMETER_QhMPq3050542591975246101" parameterRef="/soa/b2b/seed/protocol.xml#x12-param-ReplacementChar" value="0x7c"/>
         <ParameterValue id="DOCUMENT_VERSION_PARAMETER_xPVY2600385946758595542" parameterRef="/soa/b2b/seed/protocol.xml#x12-param-RepeatingSeparator" value="0x5e"/>
      </DocumentProtocolVersionParameterValues>
      <DocumentTypeParameterValues>
         <ParameterValue id="DOCUMENT_TYPE_PARAMETER_UagLh-4469247031691518049" parameterRef="/soa/b2b/seed/protocol.xml#x12-param-GroupID" value="PR"/>
         <ParameterValue id="DOCUMENT_TYPE_PARAMETER_duKMi960159042711353537" parameterRef="/soa/b2b/seed/protocol.xml#x12-param-TransactionID"/>
         <ParameterValue id="DOCUMENT_TYPE_PARAMETER_TYsiaNA4426037770790043542" parameterRef="/soa/b2b/seed/protocol.xml#x12-param-TransactionImplementationReference"/>
         <ParameterValue id="DOCUMENT_TYPE_PARAMETER_DWJOKSc2873931809676271478" parameterRef="/soa/b2b/seed/protocol.xml#x12-param-TransactionPurposeCode"/>
      </DocumentTypeParameterValues>
      <DocumentDefinitionParameterValues>
         <ParameterValue id="DEFINITION_PARAMETER_THHPSC3213688938723009239" parameterRef="/soa/b2b/seed/protocol.xml#x12-param-TransactionECSFileBlob" value="/soa/b2b/EDI_X12/4010/855/855_Def/855.ecs"/>
         <ParameterValue id="DEFINITION_PARAMETER_nH4589784793226454750" parameterRef="/soa/b2b/seed/protocol.xml#x12-param-DocumentRoutingID"/>
         <ParameterValue id="DEFINITION_PARAMETER_g-1692488739109475546" parameterRef="/soa/b2b/seed/protocol.xml#common-param-XPathName1" value="Type Code"/>
         <ParameterValue id="DEFINITION_PARAMETER_x-1419071018314109102" parameterRef="/soa/b2b/seed/protocol.xml#common-param-XPathExpression1" value="/*[local-name()='Transaction-855']/*[local-name()='Segment-BAK']/*[local-name()='Element-587']"/>
         <ParameterValue id="DEFINITION_PARAMETER_uaRvk6926652928793534533" parameterRef="/soa/b2b/seed/protocol.xml#common-param-XPathName2" value="PO Number"/>
         <ParameterValue id="DEFINITION_PARAMETER_lFS-1032141770822142622" parameterRef="/soa/b2b/seed/protocol.xml#common-param-XPathExpression2" value="/*[local-name()='Transaction-855']/*[local-name()='Segment-BAK']/*[local-name()='Element-324']"/>
         <ParameterValue id="DEFINITION_PARAMETER_azR-4984719675280706916" parameterRef="/soa/b2b/seed/protocol.xml#common-param-XPathName3" value="Total Monetary Amount"/>
         <ParameterValue id="DEFINITION_PARAMETER_vhY4453977957866164524" parameterRef="/soa/b2b/seed/protocol.xml#common-param-XPathExpression3" value="/*[local-name()='Transaction-855']/*[local-name()='Loop-CTT']/*[local-name()='Segment-AMT']/*[local-name()='Element-782']"/>
         <ParameterValue id="DEFINITION_PARAMETER_soqycg-6542905384527018198" parameterRef="/soa/b2b/seed/protocol.xml#common-param-CorrelationFromXPathName" value="CorrelationFromXPathName"/>
         <ParameterValue id="DEFINITION_PARAMETER_drlYFTY1672376955890539232" parameterRef="/soa/b2b/seed/protocol.xml#common-param-CorrelationFromXPathXPR"/>
         <ParameterValue id="DEFINITION_PARAMETER_ZQMyhw-5950238687710971042" parameterRef="/soa/b2b/seed/protocol.xml#common-param-CorrelationToXPathName" value="PO Number"/>
         <ParameterValue id="DEFINITION_PARAMETER_BHBSq-860619074546409366" parameterRef="/soa/b2b/seed/protocol.xml#common-param-CorrelationToXPathXPR" value="/*[local-name()='Transaction-855']/*[local-name()='Segment-BAK']/*[local-name()='Element-324']"/>
      </DocumentDefinitionParameterValues>
   </SupportedDocumentDefinition>
</TradingPartner>
