<?xml version = '1.0' encoding = 'UTF-8'?>
<TradingPartner hosted="true" id="tp_MyCompany" logoSO="/soa/b2b/seed/defaultSeededHostTpIcon.png" name="OracleServices" xmlns="http://xmlns.oracle.com/integration/b2b/profile">
   <Identification id="ID1234" typeRef="/soa/b2b/types.xml#itype-Name" value="OracleServices"/>
   <Identification id="Ide8C5784C911C582B2D35000001ACECBC0" typeRef="/soa/b2b/types.xml#itype-InterchangeID" value="ORCLSRVS"/>
   <Identification id="Ide8C5784C911C582B2D3E000001ACECBD0" typeRef="/soa/b2b/types.xml#itype-InterchangeIDQualifier" value="ZZ"/>
   <Identification id="Ide8C5784C911C582B2D45000001ACECBE0" typeRef="/soa/b2b/types.xml#itype-GroupID" value="ORCLSRVS"/>
   <DeliveryChannel ackMode="None" active="true" compressed="false" id="Del8C5784C911C582B2D4C000001ACECBF0" internal="false" listening="true" name="OrclSrv_ListeningChannel" responseMode="None" retryCount="3">
      <ExchangeProtocolRef exchangeProtocolRef="/soa/b2b/seed/protocol.xml#Generic-File" id="EXCHG_PROTOCOL_REF_jGqHy7851673652974860098"/>
      <TransportProtocolRef id="TRANSPORT_PROTOCOL_REF_BwrMxtk-1518863475161818332" transportProtocolRef="/soa/b2b/seed/protocol.xml#File">
         <ParameterValue id="Par8C5784C911C582B2D4C000001ACECC20" parameterRef="/soa/b2b/seed/protocol.xml#file-param-polling_interval" value="5"/>
         <ParameterValue id="Par8C5784C911C582B2D4D000001ACECC30" parameterRef="/soa/b2b/seed/protocol.xml#file-param-folder" value="/tmp/orclsrvs_in"/>
         <ParameterValue id="Par8C5784C911C582B2D4D000001ACECC40" parameterRef="/soa/b2b/seed/protocol.xml#file-param-filename_format"/>
      </TransportProtocolRef>
      <DigitalSecurity ackSigned="false" id="DIGITAL_SECURITY_ZQsHYfQ-5093701956078250884" messageEncrypted="false" messageSigned="false" transportSecured="false"/>
   </DeliveryChannel>
   <SupportedDocumentDefinition docDefName="850_Def" docProtocolName="EDI_X12" docProtocolVersion="4010" docTypeName="850" documentDefinitionRef="/soa/b2b/doc_EDI_X12.xml#Doc8C5784C911C582B1BF8000001ACEC6E0" id="Sup8C5784C911C582B2D81000001ACECC60" initiator="true"/>
   <SupportedDocumentDefinition docDefName="850_Def" docProtocolName="EDI_X12" docProtocolVersion="4010" docTypeName="850" documentDefinitionRef="/soa/b2b/doc_EDI_X12.xml#Doc8C5784C911C582B1BF8000001ACEC6E0" id="Sup8C5784C911C582B2D89000001ACECC70" initiator="false"/>
   <SupportedDocumentDefinition docDefName="855_Def" docProtocolName="EDI_X12" docProtocolVersion="4010" docTypeName="855" documentDefinitionRef="/soa/b2b/doc_EDI_X12.xml#Doc8C5784C911C582B1C03000001ACEC800" id="Sup8C5784C911C582B2D92000001ACECC80" initiator="true"/>
   <SupportedDocumentDefinition docDefName="855_Def" docProtocolName="EDI_X12" docProtocolVersion="4010" docTypeName="855" documentDefinitionRef="/soa/b2b/doc_EDI_X12.xml#Doc8C5784C911C582B1C03000001ACEC800" id="Sup8C5784C911C582B2D9D000001ACECC90" initiator="false"/>
   <SupportedDocumentDefinition docDefName="997_Def" docProtocolName="EDI_X12" docProtocolVersion="4010" docTypeName="997" documentDefinitionRef="/soa/b2b/doc_EDI_X12.xml#Doc8C5784C911C582B1C10000001ACEC920" id="Sup8C5784C911C582B2DA4000001ACECCA0" initiator="true"/>
   <SupportedDocumentDefinition docDefName="997_Def" docProtocolName="EDI_X12" docProtocolVersion="4010" docTypeName="997" documentDefinitionRef="/soa/b2b/doc_EDI_X12.xml#Doc8C5784C911C582B1C10000001ACEC920" id="Sup8C5784C911C582B2DAC000001ACECCB0" initiator="false"/>
   <SystemParameters>
      <Parameter defaultValue="false" groupName="sys-group-Generic" id="sys-param-useJMSQueue" mandatory="false" name="b2b.useJMSQueue" parameterType="boolean" xmlns="http://xmlns.oracle.com/integration/b2b/common"/>
      <Parameter defaultValue="false" groupName="sys-group-Generic" id="sys-param-useB2BQueue" mandatory="false" name="b2b.useB2BQueue" parameterType="boolean" xmlns="http://xmlns.oracle.com/integration/b2b/common"/>
      <Parameter defaultValue="/MyCalloutDir" groupName="sys-group-Generic" id="sys-param-calloutDirectory" mandatory="false" name="b2b.calloutDirectory" parameterType="string" xmlns="http://xmlns.oracle.com/integration/b2b/common"/>
      <Parameter defaultValue="true" groupName="sys-group-Ack" id="sys-param-FAHandledByB2B" mandatory="false" name="b2b.FAHandledByB2B" parameterType="boolean" xmlns="http://xmlns.oracle.com/integration/b2b/common"/>
      <Parameter defaultValue="false" groupName="sys-group-Ack" id="sys-param-FAInternalProperties" mandatory="false" name="b2b.FAInternalProperties" parameterType="boolean" xmlns="http://xmlns.oracle.com/integration/b2b/common"/>
      <Parameter defaultValue="false" groupName="sys-group-Ack" id="sys-param-inboundReceiptAckNotify" mandatory="false" name="b2b.inboundReceiptAckNotify" parameterType="boolean" xmlns="http://xmlns.oracle.com/integration/b2b/common"/>
      <Parameter defaultValue="false" groupName="sys-group-Ack" id="sys-param-inboundFuncAckNotify" mandatory="false" name="b2b.inboundFuncAckNotify" parameterType="boolean" xmlns="http://xmlns.oracle.com/integration/b2b/common"/>
      <Parameter defaultValue="true" groupName="sys-group-UI" id="sys-param-showPayload" mandatory="false" name="b2b.showPayload" parameterType="boolean" xmlns="http://xmlns.oracle.com/integration/b2b/common"/>
      <Parameter defaultValue="true" groupName="sys-group-UI" id="sys-param-AutoSearch" mandatory="false" name="b2b.AutoSearch" parameterType="boolean" xmlns="http://xmlns.oracle.com/integration/b2b/common"/>
      <Parameter defaultValue="2000000" groupName="sys-group-Performance" id="sys-param-largePayloadSize" mandatory="false" name="b2b.largePayloadSize" parameterType="integer" xmlns="http://xmlns.oracle.com/integration/b2b/common"/>
      <Parameter defaultValue="/tmp" groupName="sys-group-Performance" id="sys-param-largePayloadDir" mandatory="false" name="b2b.largePayloadDir" parameterType="string" xmlns="http://xmlns.oracle.com/integration/b2b/common"/>
      <Parameter groupName="sys-group-MISC" id="sys-param-defaultTP" mandatory="false" name="b2b.defaultTP" parameterType="string" xmlns="http://xmlns.oracle.com/integration/b2b/common"/>
      <Parameter groupName="sys-group-MISC" id="sys-param-ignoreValidation" mandatory="false" name="b2b.ignoreValidation" parameterType="string" xmlns="http://xmlns.oracle.com/integration/b2b/common"/>
      <Parameter defaultValue="false" groupName="sys-group-MISC" id="sys-param-ignoreCorrelation" mandatory="false" name="b2b.ignoreCorrelation" parameterType="boolean" xmlns="http://xmlns.oracle.com/integration/b2b/common"/>
      <Parameter groupName="sys-group-MISC" id="sys-param-MimeType" mandatory="false" name="b2b.MimeType" parameterType="string" xmlns="http://xmlns.oracle.com/integration/b2b/common"/>
      <Parameter defaultValue="false" groupName="sys-group-MISC" id="sys-param-reconnectOnError" mandatory="false" name="b2b.reconnectOnError" parameterType="boolean" xmlns="http://xmlns.oracle.com/integration/b2b/common"/>
      <Parameter defaultValue="#" groupName="sys-group-MISC" id="sys-param-HTTPHeaderDelimiter" mandatory="false" name="b2b.HTTPHeaderDelimiter" parameterType="string" xmlns="http://xmlns.oracle.com/integration/b2b/common"/>
      <Parameter defaultValue="false" groupName="sys-group-MISC" id="sys-param-ReplyToAsRequest" mandatory="false" name="b2b.ReplyToAsRequest" parameterType="boolean" xmlns="http://xmlns.oracle.com/integration/b2b/common"/>
   </SystemParameters>
</TradingPartner>
