<?xml version='1.0' encoding='UTF-8'?>
<Agreement agreementId="MarketInc_OrclSrv_850" id="tpa_HJfwNM-3139990857967309724" name="MarketInc_OrclSrv_850" xmlns="http://xmlns.oracle.com/integration/b2b/profile">
   <SupportedDocumentType docDefName="850_Def" docProtocolName="EDI_X12" docProtocolVersion="4010" docTypeName="850" documentDefinitionRef="/soa/b2b/doc_EDI_X12.xml#Doc8C5784C911C582B1BF8000001ACEC6E0" id="docdef_RMNpxJ-6647345182014982200">
      <InitiatingParticipant id="par_RunZK1703690818971050896" supportedDocumentDefinitionRef="/soa/b2b/tp_LNh-5809413801968740575.xml#SUPPORTED_DEFINITION_zIh-1888431044074259344_0" tradingPartnerRef="/soa/b2b/tp_LNh-5809413801968740575.xml#tp_LNh-5809413801968740575">
         <Identifications>
            <IdentificationRef id="Ide8C5784C911C52D0E1D10000012ADD220" identificationRef="/soa/b2b/tp_LNh-5809413801968740575.xml#tpIden_b-4812853060394213154" type="EDI Group ID" value="MARKETINC"/>
            <IdentificationRef id="Ide8C5784C911C52D0E1D10000012ADD230" identificationRef="/soa/b2b/tp_LNh-5809413801968740575.xml#tpIden_wG3913405301597535035" type="EDI Interchange ID" value="MARKETINC"/>
            <IdentificationRef id="Ide8C5784C911C52D0E1D10000012ADD240" identificationRef="/soa/b2b/tp_LNh-5809413801968740575.xml#tpIden_davrH4390305835844551770" type="EDI Interchange ID Qualifier" value="ZZ"/>
            <IdentificationRef id="Ide8C5784C911C52D0E1D20000012ADD250" identificationRef="/soa/b2b/tp_LNh-5809413801968740575.xml#tpIden_mjx-4699273564174544963" type="Name" value="MarketInc"/>
         </Identifications>
         <DeliveryChannels/>
      </InitiatingParticipant>
      <RespondingParticipant id="par_NFXdgV1660176049873923291" supportedDocumentDefinitionRef="/soa/b2b/tp_MyCompany.xml#Sup8C5784C911C582B2D89000001ACECC70" tradingPartnerRef="/soa/b2b/tp_MyCompany.xml#tp_MyCompany">
         <Identifications>
            <IdentificationRef id="Ide8C5784C911C52D0E2000000012ADD260" identificationRef="/soa/b2b/tp_MyCompany.xml#Ide8C5784C911C582B2D45000001ACECBE0" type="EDI Group ID" value="ORCLSRVS"/>
            <IdentificationRef id="Ide8C5784C911C52D0E2000000012ADD270" identificationRef="/soa/b2b/tp_MyCompany.xml#Ide8C5784C911C582B2D35000001ACECBC0" type="EDI Interchange ID" value="ORCLSRVS"/>
            <IdentificationRef id="Ide8C5784C911C52D0E2000000012ADD280" identificationRef="/soa/b2b/tp_MyCompany.xml#Ide8C5784C911C582B2D3E000001ACECBD0" type="EDI Interchange ID Qualifier" value="ZZ"/>
            <IdentificationRef id="Ide8C5784C911C52D0E2000000012ADD290" identificationRef="/soa/b2b/tp_MyCompany.xml#ID1234" type="Name" value="OracleServices"/>
         </Identifications>
         <DeliveryChannels/>
      </RespondingParticipant>
      <AgrDocTypeParameterValues>
         <ParameterValue id="Par8C5784C911C52D0E2340000012ADD2C0" parameterRef="/soa/b2b/seed/protocol.xml#x12-param-validate" value="true"/>
         <ParameterValue id="Par8C5784C911C52D0E22E0000012ADD2B0" parameterRef="/soa/b2b/seed/protocol.xml#x12-param-translate" value="true"/>
         <ParameterValue id="Par8C5784C911C52D0E2280000012ADD2A0" parameterRef="/soa/b2b/seed/protocol.xml#x12-param-fa" value="true"/>
      </AgrDocTypeParameterValues>
   </SupportedDocumentType>
</Agreement>
