<?xml version='1.0' encoding='UTF-8'?>
<Agreement agreementId="OrclSrv_MarketInc_997" id="tpa_U7269800894233506586" name="OrclSrv_MarketInc_997" xmlns="http://xmlns.oracle.com/integration/b2b/profile">
   <SupportedDocumentType docDefName="997_Def" docProtocolName="EDI_X12" docProtocolVersion="4010" docTypeName="997" documentDefinitionRef="/soa/b2b/doc_EDI_X12.xml#Doc8C5784C911C582B1C10000001ACEC920" id="docdef_ChuEWTK5529453519233387833">
      <InitiatingParticipant id="par_Enm3389791880648074606" supportedDocumentDefinitionRef="/soa/b2b/tp_MyCompany.xml#Sup8C5784C911C582B2DA4000001ACECCA0" tradingPartnerRef="/soa/b2b/tp_MyCompany.xml#tp_MyCompany">
         <Identifications>
            <IdentificationRef id="Ide8C5784C911C52D0E2A30000012ADD2D0" identificationRef="/soa/b2b/tp_MyCompany.xml#Ide8C5784C911C582B2D45000001ACECBE0" type="EDI Group ID" value="ORCLSRVS"/>
            <IdentificationRef id="Ide8C5784C911C52D0E2A30000012ADD2E0" identificationRef="/soa/b2b/tp_MyCompany.xml#Ide8C5784C911C582B2D35000001ACECBC0" type="EDI Interchange ID" value="ORCLSRVS"/>
            <IdentificationRef id="Ide8C5784C911C52D0E2A40000012ADD2F0" identificationRef="/soa/b2b/tp_MyCompany.xml#Ide8C5784C911C582B2D3E000001ACECBD0" type="EDI Interchange ID Qualifier" value="ZZ"/>
            <IdentificationRef id="Ide8C5784C911C52D0E2A40000012ADD300" identificationRef="/soa/b2b/tp_MyCompany.xml#ID1234" type="Name" value="OracleServices"/>
         </Identifications>
         <DeliveryChannels/>
      </InitiatingParticipant>
      <RespondingParticipant id="par_UdRzy5476902495175369938" supportedDocumentDefinitionRef="/soa/b2b/tp_LNh-5809413801968740575.xml#SUPPORTED_DEFINITION_OWyMS2347046721985628753_1" tradingPartnerRef="/soa/b2b/tp_LNh-5809413801968740575.xml#tp_LNh-5809413801968740575">
         <Identifications>
            <IdentificationRef id="Ide8C5784C911C52D0E2DE0000012ADD320" identificationRef="/soa/b2b/tp_LNh-5809413801968740575.xml#tpIden_b-4812853060394213154" type="EDI Group ID" value="MARKETINC"/>
            <IdentificationRef id="Ide8C5784C911C52D0E2DE0000012ADD330" identificationRef="/soa/b2b/tp_LNh-5809413801968740575.xml#tpIden_wG3913405301597535035" type="EDI Interchange ID" value="MARKETINC"/>
            <IdentificationRef id="Ide8C5784C911C52D0E2DE0000012ADD340" identificationRef="/soa/b2b/tp_LNh-5809413801968740575.xml#tpIden_davrH4390305835844551770" type="EDI Interchange ID Qualifier" value="ZZ"/>
            <IdentificationRef id="Ide8C5784C911C52D0E2DE0000012ADD350" identificationRef="/soa/b2b/tp_LNh-5809413801968740575.xml#tpIden_mjx-4699273564174544963" type="Name" value="MarketInc"/>
         </Identifications>
         <DeliveryChannels>
            <DeliveryChannelRef deliveryChannelRef="/soa/b2b/tp_LNh-5809413801968740575.xml#CHANNEL_VaME5802192563565715942" id="Del8C5784C911C52D0E2D70000012ADD310"/>
         </DeliveryChannels>
      </RespondingParticipant>
      <AgrDocTypeParameterValues>
         <ParameterValue id="Par8C5784C911C52D0E3120000012ADD380" parameterRef="/soa/b2b/seed/protocol.xml#x12-param-validate" value="true"/>
         <ParameterValue id="Par8C5784C911C52D0E30C0000012ADD370" parameterRef="/soa/b2b/seed/protocol.xml#x12-param-translate" value="true"/>
         <ParameterValue id="Par8C5784C911C52D0E3060000012ADD360" parameterRef="/soa/b2b/seed/protocol.xml#x12-param-fa" value="false"/>
      </AgrDocTypeParameterValues>
   </SupportedDocumentType>
</Agreement>
