<?xml version='1.0' encoding='UTF-8'?>
<Agreement agreementId="OrclSrv_MarketInc_855" id="tpa_m8566947697016273587" name="OrclSrv_MarketInc_855" xmlns="http://xmlns.oracle.com/integration/b2b/profile">
   <SupportedDocumentType docDefName="855_Def" docProtocolName="EDI_X12" docProtocolVersion="4010" docTypeName="855" documentDefinitionRef="/soa/b2b/doc_EDI_X12.xml#Doc8C5784C911C582B1C03000001ACEC800" id="docdef_Pdt6409039998438400113">
      <InitiatingParticipant id="par_qYpGwkd-5696709857390824677" supportedDocumentDefinitionRef="/soa/b2b/tp_MyCompany.xml#Sup8C5784C911C582B2D92000001ACECC80" tradingPartnerRef="/soa/b2b/tp_MyCompany.xml#tp_MyCompany">
         <Identifications>
            <IdentificationRef id="Ide8C5784C911C52D0E0E10000012ADD160" identificationRef="/soa/b2b/tp_MyCompany.xml#Ide8C5784C911C582B2D45000001ACECBE0" type="EDI Group ID" value="ORCLSRVS"/>
            <IdentificationRef id="Ide8C5784C911C52D0E0E20000012ADD170" identificationRef="/soa/b2b/tp_MyCompany.xml#Ide8C5784C911C582B2D35000001ACECBC0" type="EDI Interchange ID" value="ORCLSRVS"/>
            <IdentificationRef id="Ide8C5784C911C52D0E0E20000012ADD180" identificationRef="/soa/b2b/tp_MyCompany.xml#Ide8C5784C911C582B2D3E000001ACECBD0" type="EDI Interchange ID Qualifier" value="ZZ"/>
            <IdentificationRef id="Ide8C5784C911C52D0E0E20000012ADD190" identificationRef="/soa/b2b/tp_MyCompany.xml#ID1234" type="Name" value="OracleServices"/>
         </Identifications>
         <DeliveryChannels/>
      </InitiatingParticipant>
      <RespondingParticipant id="par_zB-8575907927769209019" supportedDocumentDefinitionRef="/soa/b2b/tp_LNh-5809413801968740575.xml#SUPPORTED_DEFINITION_GqON7369536866337396296_1" tradingPartnerRef="/soa/b2b/tp_LNh-5809413801968740575.xml#tp_LNh-5809413801968740575">
         <Identifications>
            <IdentificationRef id="Ide8C5784C911C52D0E1200000012ADD1B0" identificationRef="/soa/b2b/tp_LNh-5809413801968740575.xml#tpIden_b-4812853060394213154" type="EDI Group ID" value="MARKETINC"/>
            <IdentificationRef id="Ide8C5784C911C52D0E1200000012ADD1C0" identificationRef="/soa/b2b/tp_LNh-5809413801968740575.xml#tpIden_wG3913405301597535035" type="EDI Interchange ID" value="MARKETINC"/>
            <IdentificationRef id="Ide8C5784C911C52D0E1200000012ADD1D0" identificationRef="/soa/b2b/tp_LNh-5809413801968740575.xml#tpIden_davrH4390305835844551770" type="EDI Interchange ID Qualifier" value="ZZ"/>
            <IdentificationRef id="Ide8C5784C911C52D0E1210000012ADD1E0" identificationRef="/soa/b2b/tp_LNh-5809413801968740575.xml#tpIden_mjx-4699273564174544963" type="Name" value="MarketInc"/>
         </Identifications>
         <DeliveryChannels>
            <DeliveryChannelRef deliveryChannelRef="/soa/b2b/tp_LNh-5809413801968740575.xml#CHANNEL_VaME5802192563565715942" id="Del8C5784C911C52D0E1190000012ADD1A0"/>
         </DeliveryChannels>
      </RespondingParticipant>
      <AgrDocTypeParameterValues>
         <ParameterValue id="Par8C5784C911C52D0E1550000012ADD210" parameterRef="/soa/b2b/seed/protocol.xml#x12-param-validate" value="true"/>
         <ParameterValue id="Par8C5784C911C52D0E14F0000012ADD200" parameterRef="/soa/b2b/seed/protocol.xml#x12-param-translate" value="true"/>
         <ParameterValue id="Par8C5784C911C52D0E1490000012ADD1F0" parameterRef="/soa/b2b/seed/protocol.xml#x12-param-fa" value="false"/>
      </AgrDocTypeParameterValues>
   </SupportedDocumentType>
</Agreement>
